Mobile Number,Email,College Attending,Confirmation
0871234567,test@test.com,"Dublin Road Campus, Galway",Yes
0862436578,g00366895@gmit.ie,"Dublin Road Campus, Galway",Yes
0891589781,kopryszek@gmail.com,"All Core Gym, Ballybrit",Yes
0872321234,g00366895@gmit.ie,"CCAM, Cluain Mhuire, Galway",Yes
0898786768,kopryszek@gmail.com,"Dublin Road Campus, Galway",Yes
08765432451,kopryszek@gmail.com,"Dublin Road Campus, Galway",Yes
0873678162,g00366895@gmit.ie,"Dublin Road Campus, Galway",Yes
0872678987,kopryszek@gmail.com,"Mountbellew Campus, County Galway",Yes
0873678654,kopryszek@gmail.com,"Letterfrack, County Galway",Yes
0873678654,kopryszek@gmail.com,"Letterfrack, County Galway",Yes
0873672891,kopryszek@gmail.com,"Dublin Road Campus, Galway",Yes
0851237865,g00366895@gmit.ie,"All Core Gym, Ballybrit",Yes
0871234567,G00366895@gmit.ie,"Dublin Road Campus, Galway",Yes
0873278658,"Dublin Road Campus, Galway",Yes
0871126787,"Dublin Road Campus, Galway",Yes
0870983889,"Letterfrack, County Galway",Yes
0873786568,"Mayo Campus, Castlebar",Yes
0867785439,GMIT (Organised Field Trip),Yes
0878763568,"CCAM, Cluain Mhuire, Galway",Yes
0865432176,"Letterfrack, County Galway",Yes
0873326546,"Dublin Road Campus, Galway",Yes
0876543556,"Dublin Road Campus, Galway",Yes
0873326754,"Dublin Road Campus, Galway",Yes
